{
  "title": "Abalone Binarized",
  "description": "Predicting the age of abalone from physical measurements. The age of abalone is determined by cutting the shell through the cone, staining it, and counting the number of rings through a microscope -- a boring and time-consuming task. Other measurements, which are easier to obtain, are used to predict the age. Further information, such as weather patterns and location (hence food availability) may be required to solve the problem. From the original data examples with missing values were removed (the majority having the predicted value missing), and the ranges of the continuous values have been scaled for use with an ANN (by dividing by 200).",
  "modelCategory": "binary_classification",
  "schemaVersion": 1.0,
  "inputDataFormat": "CSV",
  "encoding": "utf-8",
  "id": {
    "name": "id",
    "description": "unique identifier"
  },
  "target": {
    "name": "target",
    "description": "binary class (-1 or 1)",
    "classes": [
      "-1",
      "1"
    ]
  },
  "features": [
    {
      "name": "f0",
      "description": "not available",
      "dataType": "NUMERIC",
      "example": 0.0,
      "nullable": false
    },
    {
      "name": "f1",
      "description": "not available",
      "dataType": "NUMERIC",
      "example": 0.0,
      "nullable": false
    },
    {
      "name": "f2",
      "description": "not available",
      "dataType": "NUMERIC",
      "example": 1.0,
      "nullable": false
    },
    {
      "name": "f3",
      "description": "not available",
      "dataType": "NUMERIC",
      "example": 0.455,
      "nullable": false
    },
    {
      "name": "f4",
      "description": "not available",
      "dataType": "NUMERIC",
      "example": 0.365,
      "nullable": false
    },
    {
      "name": "f5",
      "description": "not available",
      "dataType": "NUMERIC",
      "example": 0.095,
      "nullable": false
    },
    {
      "name": "f6",
      "description": "not available",
      "dataType": "NUMERIC",
      "example": 0.514,
      "nullable": false
    },
    {
      "name": "f7",
      "description": "not available",
      "dataType": "NUMERIC",
      "example": 0.2245,
      "nullable": false
    },
    {
      "name": "f8",
      "description": "not available",
      "dataType": "NUMERIC",
      "example": 0.101,
      "nullable": false
    },
    {
      "name": "f9",
      "description": "not available",
      "dataType": "NUMERIC",
      "example": 0.15,
      "nullable": false
    }
  ]
}