{
  "title": "Communities and Crime",
  "description": "not available",
  "modelCategory": "binary_classification",
  "schemaVersion": 1.0,
  "inputDataFormat": "CSV",
  "encoding": "utf-8",
  "id": {
    "name": "id",
    "description": "unique identifier"
  },
  "target": {
    "name": "target",
    "description": "binary class (-1 or 1)",
    "classes": [
      "-1",
      "1"
    ]
  },
  "features": [
    {
      "name": "f0",
      "description": "not available",
      "dataType": "NUMERIC",
      "example": 0.19,
      "nullable": false
    },
    {
      "name": "f1",
      "description": "not available",
      "dataType": "NUMERIC",
      "example": 0.33,
      "nullable": false
    },
    {
      "name": "f2",
      "description": "not available",
      "dataType": "NUMERIC",
      "example": 0.02,
      "nullable": false
    },
    {
      "name": "f3",
      "description": "not available",
      "dataType": "NUMERIC",
      "example": 0.9,
      "nullable": false
    },
    {
      "name": "f4",
      "description": "not available",
      "dataType": "NUMERIC",
      "example": 0.12,
      "nullable": false
    },
    {
      "name": "f5",
      "description": "not available",
      "dataType": "NUMERIC",
      "example": 0.17,
      "nullable": false
    },
    {
      "name": "f6",
      "description": "not available",
      "dataType": "NUMERIC",
      "example": 0.34,
      "nullable": false
    },
    {
      "name": "f7",
      "description": "not available",
      "dataType": "NUMERIC",
      "example": 0.47,
      "nullable": false
    },
    {
      "name": "f8",
      "description": "not available",
      "dataType": "NUMERIC",
      "example": 0.29,
      "nullable": false
    },
    {
      "name": "f9",
      "description": "not available",
      "dataType": "NUMERIC",
      "example": 0.32,
      "nullable": false
    },
    {
      "name": "f10",
      "description": "not available",
      "dataType": "NUMERIC",
      "example": 0.2,
      "nullable": false
    },
    {
      "name": "f11",
      "description": "not available",
      "dataType": "NUMERIC",
      "example": 1.0,
      "nullable": false
    },
    {
      "name": "f12",
      "description": "not available",
      "dataType": "NUMERIC",
      "example": 0.37,
      "nullable": false
    },
    {
      "name": "f13",
      "description": "not available",
      "dataType": "NUMERIC",
      "example": 0.72,
      "nullable": false
    },
    {
      "name": "f14",
      "description": "not available",
      "dataType": "NUMERIC",
      "example": 0.34,
      "nullable": false
    },
    {
      "name": "f15",
      "description": "not available",
      "dataType": "NUMERIC",
      "example": 0.6,
      "nullable": false
    },
    {
      "name": "f16",
      "description": "not available",
      "dataType": "NUMERIC",
      "example": 0.29,
      "nullable": false
    },
    {
      "name": "f17",
      "description": "not available",
      "dataType": "NUMERIC",
      "example": 0.15,
      "nullable": false
    },
    {
      "name": "f18",
      "description": "not available",
      "dataType": "NUMERIC",
      "example": 0.43,
      "nullable": false
    },
    {
      "name": "f19",
      "description": "not available",
      "dataType": "NUMERIC",
      "example": 0.39,
      "nullable": false
    },
    {
      "name": "f20",
      "description": "not available",
      "dataType": "NUMERIC",
      "example": 0.4,
      "nullable": false
    },
    {
      "name": "f21",
      "description": "not available",
      "dataType": "NUMERIC",
      "example": 0.39,
      "nullable": false
    },
    {
      "name": "f22",
      "description": "not available",
      "dataType": "NUMERIC",
      "example": 0.32,
      "nullable": false
    },
    {
      "name": "f23",
      "description": "not available",
      "dataType": "NUMERIC",
      "example": 0.27,
      "nullable": false
    },
    {
      "name": "f24",
      "description": "not available",
      "dataType": "NUMERIC",
      "example": 0.27,
      "nullable": false
    },
    {
      "name": "f25",
      "description": "not available",
      "dataType": "NUMERIC",
      "example": 0.36,
      "nullable": false
    },
    {
      "name": "f26",
      "description": "not available",
      "dataType": "NUMERIC",
      "example": 0.41,
      "nullable": false
    },
    {
      "name": "f27",
      "description": "not available",
      "dataType": "NUMERIC",
      "example": 0.08,
      "nullable": false
    },
    {
      "name": "f28",
      "description": "not available",
      "dataType": "NUMERIC",
      "example": 0.19,
      "nullable": false
    },
    {
      "name": "f29",
      "description": "not available",
      "dataType": "NUMERIC",
      "example": 0.1,
      "nullable": false
    },
    {
      "name": "f30",
      "description": "not available",
      "dataType": "NUMERIC",
      "example": 0.18,
      "nullable": false
    },
    {
      "name": "f31",
      "description": "not available",
      "dataType": "NUMERIC",
      "example": 0.48,
      "nullable": false
    },
    {
      "name": "f32",
      "description": "not available",
      "dataType": "NUMERIC",
      "example": 0.27,
      "nullable": false
    },
    {
      "name": "f33",
      "description": "not available",
      "dataType": "NUMERIC",
      "example": 0.68,
      "nullable": false
    },
    {
      "name": "f34",
      "description": "not available",
      "dataType": "NUMERIC",
      "example": 0.23,
      "nullable": false
    },
    {
      "name": "f35",
      "description": "not available",
      "dataType": "NUMERIC",
      "example": 0.41,
      "nullable": false
    },
    {
      "name": "f36",
      "description": "not available",
      "dataType": "NUMERIC",
      "example": 0.25,
      "nullable": false
    },
    {
      "name": "f37",
      "description": "not available",
      "dataType": "NUMERIC",
      "example": 0.52,
      "nullable": false
    },
    {
      "name": "f38",
      "description": "not available",
      "dataType": "NUMERIC",
      "example": 0.68,
      "nullable": false
    },
    {
      "name": "f39",
      "description": "not available",
      "dataType": "NUMERIC",
      "example": 0.4,
      "nullable": false
    },
    {
      "name": "f40",
      "description": "not available",
      "dataType": "NUMERIC",
      "example": 0.75,
      "nullable": false
    },
    {
      "name": "f41",
      "description": "not available",
      "dataType": "NUMERIC",
      "example": 0.75,
      "nullable": false
    },
    {
      "name": "f42",
      "description": "not available",
      "dataType": "NUMERIC",
      "example": 0.35,
      "nullable": false
    },
    {
      "name": "f43",
      "description": "not available",
      "dataType": "NUMERIC",
      "example": 0.55,
      "nullable": false
    },
    {
      "name": "f44",
      "description": "not available",
      "dataType": "NUMERIC",
      "example": 0.59,
      "nullable": false
    },
    {
      "name": "f45",
      "description": "not available",
      "dataType": "NUMERIC",
      "example": 0.61,
      "nullable": false
    },
    {
      "name": "f46",
      "description": "not available",
      "dataType": "NUMERIC",
      "example": 0.56,
      "nullable": false
    },
    {
      "name": "f47",
      "description": "not available",
      "dataType": "NUMERIC",
      "example": 0.74,
      "nullable": false
    },
    {
      "name": "f48",
      "description": "not available",
      "dataType": "NUMERIC",
      "example": 0.76,
      "nullable": false
    },
    {
      "name": "f49",
      "description": "not available",
      "dataType": "NUMERIC",
      "example": 0.04,
      "nullable": false
    },
    {
      "name": "f50",
      "description": "not available",
      "dataType": "NUMERIC",
      "example": 0.14,
      "nullable": false
    },
    {
      "name": "f51",
      "description": "not available",
      "dataType": "NUMERIC",
      "example": 0.03,
      "nullable": false
    },
    {
      "name": "f52",
      "description": "not available",
      "dataType": "NUMERIC",
      "example": 0.24,
      "nullable": false
    },
    {
      "name": "f53",
      "description": "not available",
      "dataType": "NUMERIC",
      "example": 0.27,
      "nullable": false
    },
    {
      "name": "f54",
      "description": "not available",
      "dataType": "NUMERIC",
      "example": 0.37,
      "nullable": false
    },
    {
      "name": "f55",
      "description": "not available",
      "dataType": "NUMERIC",
      "example": 0.39,
      "nullable": false
    },
    {
      "name": "f56",
      "description": "not available",
      "dataType": "NUMERIC",
      "example": 0.07,
      "nullable": false
    },
    {
      "name": "f57",
      "description": "not available",
      "dataType": "NUMERIC",
      "example": 0.07,
      "nullable": false
    },
    {
      "name": "f58",
      "description": "not available",
      "dataType": "NUMERIC",
      "example": 0.08,
      "nullable": false
    },
    {
      "name": "f59",
      "description": "not available",
      "dataType": "NUMERIC",
      "example": 0.08,
      "nullable": false
    },
    {
      "name": "f60",
      "description": "not available",
      "dataType": "NUMERIC",
      "example": 0.89,
      "nullable": false
    },
    {
      "name": "f61",
      "description": "not available",
      "dataType": "NUMERIC",
      "example": 0.06,
      "nullable": false
    },
    {
      "name": "f62",
      "description": "not available",
      "dataType": "NUMERIC",
      "example": 0.14,
      "nullable": false
    },
    {
      "name": "f63",
      "description": "not available",
      "dataType": "NUMERIC",
      "example": 0.13,
      "nullable": false
    },
    {
      "name": "f64",
      "description": "not available",
      "dataType": "NUMERIC",
      "example": 0.33,
      "nullable": false
    },
    {
      "name": "f65",
      "description": "not available",
      "dataType": "NUMERIC",
      "example": 0.39,
      "nullable": false
    },
    {
      "name": "f66",
      "description": "not available",
      "dataType": "NUMERIC",
      "example": 0.28,
      "nullable": false
    },
    {
      "name": "f67",
      "description": "not available",
      "dataType": "NUMERIC",
      "example": 0.55,
      "nullable": false
    },
    {
      "name": "f68",
      "description": "not available",
      "dataType": "NUMERIC",
      "example": 0.09,
      "nullable": false
    },
    {
      "name": "f69",
      "description": "not available",
      "dataType": "NUMERIC",
      "example": 0.51,
      "nullable": false
    },
    {
      "name": "f70",
      "description": "not available",
      "dataType": "NUMERIC",
      "example": 0.5,
      "nullable": false
    },
    {
      "name": "f71",
      "description": "not available",
      "dataType": "NUMERIC",
      "example": 0.21,
      "nullable": false
    },
    {
      "name": "f72",
      "description": "not available",
      "dataType": "NUMERIC",
      "example": 0.71,
      "nullable": false
    },
    {
      "name": "f73",
      "description": "not available",
      "dataType": "NUMERIC",
      "example": 0.52,
      "nullable": false
    },
    {
      "name": "f74",
      "description": "not available",
      "dataType": "NUMERIC",
      "example": 0.05,
      "nullable": false
    },
    {
      "name": "f75",
      "description": "not available",
      "dataType": "NUMERIC",
      "example": 0.26,
      "nullable": false
    },
    {
      "name": "f76",
      "description": "not available",
      "dataType": "NUMERIC",
      "example": 0.65,
      "nullable": false
    },
    {
      "name": "f77",
      "description": "not available",
      "dataType": "NUMERIC",
      "example": 0.14,
      "nullable": false
    },
    {
      "name": "f78",
      "description": "not available",
      "dataType": "NUMERIC",
      "example": 0.06,
      "nullable": false
    },
    {
      "name": "f79",
      "description": "not available",
      "dataType": "NUMERIC",
      "example": 0.22,
      "nullable": false
    },
    {
      "name": "f80",
      "description": "not available",
      "dataType": "NUMERIC",
      "example": 0.19,
      "nullable": false
    },
    {
      "name": "f81",
      "description": "not available",
      "dataType": "NUMERIC",
      "example": 0.18,
      "nullable": false
    },
    {
      "name": "f82",
      "description": "not available",
      "dataType": "NUMERIC",
      "example": 0.36,
      "nullable": false
    },
    {
      "name": "f83",
      "description": "not available",
      "dataType": "NUMERIC",
      "example": 0.35,
      "nullable": false
    },
    {
      "name": "f84",
      "description": "not available",
      "dataType": "NUMERIC",
      "example": 0.38,
      "nullable": false
    },
    {
      "name": "f85",
      "description": "not available",
      "dataType": "NUMERIC",
      "example": 0.34,
      "nullable": false
    },
    {
      "name": "f86",
      "description": "not available",
      "dataType": "NUMERIC",
      "example": 0.38,
      "nullable": false
    },
    {
      "name": "f87",
      "description": "not available",
      "dataType": "NUMERIC",
      "example": 0.46,
      "nullable": false
    },
    {
      "name": "f88",
      "description": "not available",
      "dataType": "NUMERIC",
      "example": 0.25,
      "nullable": false
    },
    {
      "name": "f89",
      "description": "not available",
      "dataType": "NUMERIC",
      "example": 0.04,
      "nullable": false
    },
    {
      "name": "f90",
      "description": "not available",
      "dataType": "NUMERIC",
      "example": 0.0,
      "nullable": false
    },
    {
      "name": "f91",
      "description": "not available",
      "dataType": "NUMERIC",
      "example": 0.12,
      "nullable": false
    },
    {
      "name": "f92",
      "description": "not available",
      "dataType": "NUMERIC",
      "example": 0.42,
      "nullable": false
    },
    {
      "name": "f93",
      "description": "not available",
      "dataType": "NUMERIC",
      "example": 0.5,
      "nullable": false
    },
    {
      "name": "f94",
      "description": "not available",
      "dataType": "NUMERIC",
      "example": 0.51,
      "nullable": false
    },
    {
      "name": "f95",
      "description": "not available",
      "dataType": "NUMERIC",
      "example": 0.64,
      "nullable": false
    },
    {
      "name": "f96",
      "description": "not available",
      "dataType": "NUMERIC",
      "example": 0.12,
      "nullable": false
    },
    {
      "name": "f97",
      "description": "not available",
      "dataType": "NUMERIC",
      "example": 0.26,
      "nullable": false
    },
    {
      "name": "f98",
      "description": "not available",
      "dataType": "NUMERIC",
      "example": 0.2,
      "nullable": false
    },
    {
      "name": "f99",
      "description": "not available",
      "dataType": "NUMERIC",
      "example": 0.32,
      "nullable": false
    }
  ]
}