{
  "title": "Thyroid Disease",
  "description": "From Garavan Institute # Documentation: as given by Ross Quinlan # 6 databases from the Garavan Institute in Sydney, Australia",
  "modelCategory": "binary_classification",
  "schemaVersion": 1.0,
  "inputDataFormat": "CSV",
  "encoding": "utf-8",
  "id": {
    "name": "id",
    "description": "unique identifier"
  },
  "target": {
    "name": "Class",
    "description": "binary class (negative or sick)",
    "classes": [
      "negative",
      "sick"
    ]
  },
  "features": [
    {
      "name": "age",
      "description": "description not available",
      "dataType": "NUMERIC",
      "example": 41.0,
      "nullable": true
    },
    {
      "name": "sex",
      "description": "description not available",
      "dataType": "CATEGORICAL",
      "categories": [
        "F",
        "M"
      ],
      "nullable": true
    },
    {
      "name": "on_thyroxine",
      "description": "description not available",
      "dataType": "CATEGORICAL",
      "categories": [
        "f",
        "t"
      ],
      "nullable": false
    },
    {
      "name": "query_on_thyroxine",
      "description": "description not available",
      "dataType": "CATEGORICAL",
      "categories": [
        "f",
        "t"
      ],
      "nullable": false
    },
    {
      "name": "on_antithyroid_medication",
      "description": "description not available",
      "dataType": "CATEGORICAL",
      "categories": [
        "f",
        "t"
      ],
      "nullable": false
    },
    {
      "name": "sick",
      "description": "description not available",
      "dataType": "CATEGORICAL",
      "categories": [
        "f",
        "t"
      ],
      "nullable": false
    },
    {
      "name": "pregnant",
      "description": "description not available",
      "dataType": "CATEGORICAL",
      "categories": [
        "f",
        "t"
      ],
      "nullable": false
    },
    {
      "name": "thyroid_surgery",
      "description": "description not available",
      "dataType": "CATEGORICAL",
      "categories": [
        "f",
        "t"
      ],
      "nullable": false
    },
    {
      "name": "I131_treatment",
      "description": "description not available",
      "dataType": "CATEGORICAL",
      "categories": [
        "f",
        "t"
      ],
      "nullable": false
    },
    {
      "name": "query_hypothyroid",
      "description": "description not available",
      "dataType": "CATEGORICAL",
      "categories": [
        "f",
        "t"
      ],
      "nullable": false
    },
    {
      "name": "query_hyperthyroid",
      "description": "description not available",
      "dataType": "CATEGORICAL",
      "categories": [
        "f",
        "t"
      ],
      "nullable": false
    },
    {
      "name": "lithium",
      "description": "description not available",
      "dataType": "CATEGORICAL",
      "categories": [
        "f",
        "t"
      ],
      "nullable": false
    },
    {
      "name": "goitre",
      "description": "description not available",
      "dataType": "CATEGORICAL",
      "categories": [
        "f",
        "t"
      ],
      "nullable": false
    },
    {
      "name": "tumor",
      "description": "description not available",
      "dataType": "CATEGORICAL",
      "categories": [
        "f",
        "t"
      ],
      "nullable": false
    },
    {
      "name": "hypopituitary",
      "description": "description not available",
      "dataType": "CATEGORICAL",
      "categories": [
        "f",
        "t"
      ],
      "nullable": false
    },
    {
      "name": "psych",
      "description": "description not available",
      "dataType": "CATEGORICAL",
      "categories": [
        "f",
        "t"
      ],
      "nullable": false
    },
    {
      "name": "TSH_measured",
      "description": "description not available",
      "dataType": "CATEGORICAL",
      "categories": [
        "f",
        "t"
      ],
      "nullable": false
    },
    {
      "name": "TSH",
      "description": "description not available",
      "dataType": "NUMERIC",
      "example": 1.3,
      "nullable": true
    },
    {
      "name": "T3_measured",
      "description": "description not available",
      "dataType": "CATEGORICAL",
      "categories": [
        "f",
        "t"
      ],
      "nullable": false
    },
    {
      "name": "T3",
      "description": "description not available",
      "dataType": "NUMERIC",
      "example": 2.5,
      "nullable": true
    },
    {
      "name": "TT4_measured",
      "description": "description not available",
      "dataType": "CATEGORICAL",
      "categories": [
        "f",
        "t"
      ],
      "nullable": false
    },
    {
      "name": "TT4",
      "description": "description not available",
      "dataType": "NUMERIC",
      "example": 125.0,
      "nullable": true
    },
    {
      "name": "T4U_measured",
      "description": "description not available",
      "dataType": "CATEGORICAL",
      "categories": [
        "f",
        "t"
      ],
      "nullable": false
    },
    {
      "name": "T4U",
      "description": "description not available",
      "dataType": "NUMERIC",
      "example": 1.14,
      "nullable": true
    },
    {
      "name": "FTI_measured",
      "description": "description not available",
      "dataType": "CATEGORICAL",
      "categories": [
        "f",
        "t"
      ],
      "nullable": false
    },
    {
      "name": "FTI",
      "description": "description not available",
      "dataType": "NUMERIC",
      "example": 109.0,
      "nullable": true
    },
    {
      "name": "referral_source",
      "description": "description not available",
      "dataType": "CATEGORICAL",
      "categories": [
        "STMW",
        "SVHC",
        "SVHD",
        "SVI",
        "other"
      ],
      "nullable": false
    }
  ]
}