{
  "title": "Statlog (Landsat Satellite)",
  "description": "The database consists of the multi-spectral values of pixels in 3x3 neighbourhoods in a satellite image, and the classification associated with the central pixel in each neighbourhood. The aim is to predict this classification, given the multi-spectral values. In the sample database, the class of a pixel is coded as a number. The Landsat satellite data is one of the many sources of information available for a scene. The interpretation of a scene by integrating spatial data of diverse types and resolutions including multispectral and radar data, maps indicating topography, land use etc. is expected to assume significant importance with the onset of an era characterised by integrative approaches to remote sensing (for example, NASA's Earth Observing System commencing this decade). Existing statistical methods are ill-equipped for handling such diverse data types. Note that this is not true for Landsat MSS data considered in isolation (as in this sample database). This data satisfies the important requirements of being numerical and at a single resolution, and standard maximum-likelihood classification performs very well. Consequently, for this data, it should be interesting to compare the performance of other methods against the statistical approach. One frame of Landsat MSS imagery consists of four digital images of the same scene in different spectral bands. Two of these are in the visible region (corresponding approximately to green and red regions of the visible spectrum) and two are in the (near) infra-red. Each pixel is a 8-bit binary word, with 0 corresponding to black and 255 to white. The spatial resolution of a pixel is about 80m x 80m. Each image contains 2340 x 3380 such pixels. The database is a (tiny) sub-area of a scene, consisting of 82 x 100 pixels. Each line of data corresponds to a 3x3 square neighbourhood of pixels completely contained within the 82x100 sub-area. Each line contains the pixel values in the four spectral bands (converted to ASCII) of each of the 9 pixels in the 3x3 neighbourhood and a number indicating the classification label of the central pixel. The number is a code for the following classes: Number Class 1 red soil 2 cotton crop 3 grey soil 4 damp grey soil 5 soil with vegetation stubble 6 mixture class (all types present) 7 very damp grey soil NB. There are no examples with class 6 in this dataset. The data is given in random order and certain lines of data have been removed so you cannot reconstruct the original image from this dataset. In each line of data the four spectral values for the top-left pixel are given first followed by the four spectral values for the top-middle pixel and then those for the top-right pixel, and so on with the pixels read out in sequence left-to-right and top-to-bottom. Thus, the four spectral values for the central pixel are given by attributes 17,18,19 and 20. If you like you can use only these four attributes, while ignoring the others. This avoids the problem which arises when a 3x3 neighbourhood straddles a boundary.",
  "modelCategory": "binary_classification",
  "schemaVersion": 1.0,
  "inputDataFormat": "CSV",
  "encoding": "utf-8",
  "id": {
    "name": "id",
    "description": "unique identifier"
  },
  "target": {
    "name": "target",
    "description": "binary class (-1 or 1)",
    "classes": [
      "-1",
      "1"
    ]
  },
  "features": [
    {
      "name": "f0",
      "description": "not available",
      "dataType": "NUMERIC",
      "example": 92.0,
      "nullable": false
    },
    {
      "name": "f1",
      "description": "not available",
      "dataType": "NUMERIC",
      "example": 115.0,
      "nullable": false
    },
    {
      "name": "f2",
      "description": "not available",
      "dataType": "NUMERIC",
      "example": 120.0,
      "nullable": false
    },
    {
      "name": "f3",
      "description": "not available",
      "dataType": "NUMERIC",
      "example": 94.0,
      "nullable": false
    },
    {
      "name": "f4",
      "description": "not available",
      "dataType": "NUMERIC",
      "example": 84.0,
      "nullable": false
    },
    {
      "name": "f5",
      "description": "not available",
      "dataType": "NUMERIC",
      "example": 102.0,
      "nullable": false
    },
    {
      "name": "f6",
      "description": "not available",
      "dataType": "NUMERIC",
      "example": 106.0,
      "nullable": false
    },
    {
      "name": "f7",
      "description": "not available",
      "dataType": "NUMERIC",
      "example": 79.0,
      "nullable": false
    },
    {
      "name": "f8",
      "description": "not available",
      "dataType": "NUMERIC",
      "example": 84.0,
      "nullable": false
    },
    {
      "name": "f9",
      "description": "not available",
      "dataType": "NUMERIC",
      "example": 102.0,
      "nullable": false
    },
    {
      "name": "f10",
      "description": "not available",
      "dataType": "NUMERIC",
      "example": 102.0,
      "nullable": false
    },
    {
      "name": "f11",
      "description": "not available",
      "dataType": "NUMERIC",
      "example": 83.0,
      "nullable": false
    },
    {
      "name": "f12",
      "description": "not available",
      "dataType": "NUMERIC",
      "example": 101.0,
      "nullable": false
    },
    {
      "name": "f13",
      "description": "not available",
      "dataType": "NUMERIC",
      "example": 126.0,
      "nullable": false
    },
    {
      "name": "f14",
      "description": "not available",
      "dataType": "NUMERIC",
      "example": 133.0,
      "nullable": false
    },
    {
      "name": "f15",
      "description": "not available",
      "dataType": "NUMERIC",
      "example": 103.0,
      "nullable": false
    },
    {
      "name": "f16",
      "description": "not available",
      "dataType": "NUMERIC",
      "example": 92.0,
      "nullable": false
    },
    {
      "name": "f17",
      "description": "not available",
      "dataType": "NUMERIC",
      "example": 112.0,
      "nullable": false
    },
    {
      "name": "f18",
      "description": "not available",
      "dataType": "NUMERIC",
      "example": 118.0,
      "nullable": false
    },
    {
      "name": "f19",
      "description": "not available",
      "dataType": "NUMERIC",
      "example": 85.0,
      "nullable": false
    },
    {
      "name": "f20",
      "description": "not available",
      "dataType": "NUMERIC",
      "example": 84.0,
      "nullable": false
    },
    {
      "name": "f21",
      "description": "not available",
      "dataType": "NUMERIC",
      "example": 103.0,
      "nullable": false
    },
    {
      "name": "f22",
      "description": "not available",
      "dataType": "NUMERIC",
      "example": 104.0,
      "nullable": false
    },
    {
      "name": "f23",
      "description": "not available",
      "dataType": "NUMERIC",
      "example": 81.0,
      "nullable": false
    },
    {
      "name": "f24",
      "description": "not available",
      "dataType": "NUMERIC",
      "example": 102.0,
      "nullable": false
    },
    {
      "name": "f25",
      "description": "not available",
      "dataType": "NUMERIC",
      "example": 126.0,
      "nullable": false
    },
    {
      "name": "f26",
      "description": "not available",
      "dataType": "NUMERIC",
      "example": 134.0,
      "nullable": false
    },
    {
      "name": "f27",
      "description": "not available",
      "dataType": "NUMERIC",
      "example": 104.0,
      "nullable": false
    },
    {
      "name": "f28",
      "description": "not available",
      "dataType": "NUMERIC",
      "example": 88.0,
      "nullable": false
    },
    {
      "name": "f29",
      "description": "not available",
      "dataType": "NUMERIC",
      "example": 121.0,
      "nullable": false
    },
    {
      "name": "f30",
      "description": "not available",
      "dataType": "NUMERIC",
      "example": 128.0,
      "nullable": false
    },
    {
      "name": "f31",
      "description": "not available",
      "dataType": "NUMERIC",
      "example": 100.0,
      "nullable": false
    },
    {
      "name": "f32",
      "description": "not available",
      "dataType": "NUMERIC",
      "example": 84.0,
      "nullable": false
    },
    {
      "name": "f33",
      "description": "not available",
      "dataType": "NUMERIC",
      "example": 107.0,
      "nullable": false
    },
    {
      "name": "f34",
      "description": "not available",
      "dataType": "NUMERIC",
      "example": 113.0,
      "nullable": false
    },
    {
      "name": "f35",
      "description": "not available",
      "dataType": "NUMERIC",
      "example": 87.0,
      "nullable": false
    }
  ]
}