{
  "title": "Solar Flare",
  "description": "Each class attribute counts the number of solar flares of a certain class that occur in a 24 hour period\r\n",
  "modelCategory": "binary_classification",
  "schemaVersion": 1.0,
  "inputDataFormat": "CSV",
  "encoding": "utf-8",
  "id": {
    "name": "id",
    "description": "unique identifier"
  },
  "target": {
    "name": "target",
    "description": "binary class (-1 or 1)",
    "classes": [
      "-1",
      "1"
    ]
  },
  "features": [
    {
      "name": "f0",
      "description": "not available",
      "dataType": "NUMERIC",
      "example": 0.0,
      "nullable": false
    },
    {
      "name": "f1",
      "description": "not available",
      "dataType": "NUMERIC",
      "example": 1.0,
      "nullable": false
    },
    {
      "name": "f2",
      "description": "not available",
      "dataType": "NUMERIC",
      "example": 0.0,
      "nullable": false
    },
    {
      "name": "f3",
      "description": "not available",
      "dataType": "NUMERIC",
      "example": 0.0,
      "nullable": false
    },
    {
      "name": "f4",
      "description": "not available",
      "dataType": "NUMERIC",
      "example": 0.0,
      "nullable": false
    },
    {
      "name": "f5",
      "description": "not available",
      "dataType": "NUMERIC",
      "example": 0.0,
      "nullable": false
    },
    {
      "name": "f6",
      "description": "not available",
      "dataType": "NUMERIC",
      "example": 0.0,
      "nullable": false
    },
    {
      "name": "f7",
      "description": "not available",
      "dataType": "NUMERIC",
      "example": 0.0,
      "nullable": false
    },
    {
      "name": "f8",
      "description": "not available",
      "dataType": "NUMERIC",
      "example": 0.0,
      "nullable": false
    },
    {
      "name": "f9",
      "description": "not available",
      "dataType": "NUMERIC",
      "example": 0.0,
      "nullable": false
    },
    {
      "name": "f10",
      "description": "not available",
      "dataType": "NUMERIC",
      "example": 1.0,
      "nullable": false
    },
    {
      "name": "f11",
      "description": "not available",
      "dataType": "NUMERIC",
      "example": 0.0,
      "nullable": false
    },
    {
      "name": "f12",
      "description": "not available",
      "dataType": "NUMERIC",
      "example": 0.0,
      "nullable": false
    },
    {
      "name": "f13",
      "description": "not available",
      "dataType": "NUMERIC",
      "example": 0.0,
      "nullable": false
    },
    {
      "name": "f14",
      "description": "not available",
      "dataType": "NUMERIC",
      "example": 1.0,
      "nullable": false
    },
    {
      "name": "f15",
      "description": "not available",
      "dataType": "NUMERIC",
      "example": 0.0,
      "nullable": false
    },
    {
      "name": "f16",
      "description": "not available",
      "dataType": "NUMERIC",
      "example": 0.0,
      "nullable": false
    },
    {
      "name": "f17",
      "description": "not available",
      "dataType": "NUMERIC",
      "example": 1.0,
      "nullable": false
    },
    {
      "name": "f18",
      "description": "not available",
      "dataType": "NUMERIC",
      "example": 1.0,
      "nullable": false
    },
    {
      "name": "f19",
      "description": "not available",
      "dataType": "NUMERIC",
      "example": 0.0,
      "nullable": false
    },
    {
      "name": "f20",
      "description": "not available",
      "dataType": "NUMERIC",
      "example": 0.0,
      "nullable": false
    },
    {
      "name": "f21",
      "description": "not available",
      "dataType": "NUMERIC",
      "example": 0.0,
      "nullable": false
    },
    {
      "name": "f22",
      "description": "not available",
      "dataType": "NUMERIC",
      "example": 0.0,
      "nullable": false
    },
    {
      "name": "f23",
      "description": "not available",
      "dataType": "NUMERIC",
      "example": 1.0,
      "nullable": false
    },
    {
      "name": "f24",
      "description": "not available",
      "dataType": "NUMERIC",
      "example": 0.0,
      "nullable": false
    },
    {
      "name": "f25",
      "description": "not available",
      "dataType": "NUMERIC",
      "example": 1.0,
      "nullable": false
    },
    {
      "name": "f26",
      "description": "not available",
      "dataType": "NUMERIC",
      "example": 1.0,
      "nullable": false
    },
    {
      "name": "f27",
      "description": "not available",
      "dataType": "NUMERIC",
      "example": 0.0,
      "nullable": false
    },
    {
      "name": "f28",
      "description": "not available",
      "dataType": "NUMERIC",
      "example": 0.0,
      "nullable": false
    },
    {
      "name": "f29",
      "description": "not available",
      "dataType": "NUMERIC",
      "example": 1.0,
      "nullable": false
    },
    {
      "name": "f30",
      "description": "not available",
      "dataType": "NUMERIC",
      "example": 1.0,
      "nullable": false
    },
    {
      "name": "f31",
      "description": "not available",
      "dataType": "NUMERIC",
      "example": 0.0,
      "nullable": false
    }
  ]
}