{
  "title": "Chess (King-Rook vs. King)",
  "description": "Chess Endgame Database for White King and Rook against Black King (KRK).",
  "modelCategory": "binary_classification",
  "schemaVersion": 1.0,
  "inputDataFormat": "CSV",
  "encoding": "utf-8",
  "id": {
    "name": "id",
    "description": "unique identifier"
  },
  "target": {
    "name": "Class",
    "description": "binary class (negative or positive)",
    "classes": [
      "negative",
      "positive"
    ]
  },
  "features": [
    {
      "name": "White_king_col",
      "description": "The column of the white king",
      "dataType": "CATEGORICAL",
      "categories": [
        "a",
        "b",
        "c",
        "d"
      ],
      "nullable": false
    },
    {
      "name": "White_king_row",
      "description": "The row of the white king",
      "dataType": "CATEGORICAL",
      "categories": [
        1,
        2,
        3,
        4
      ],
      "nullable": false
    },
    {
      "name": "White_rook_col",
      "description": "The column of the white rook",
      "dataType": "CATEGORICAL",
      "categories": [
        "a",
        "b",
        "c",
        "d",
        "e",
        "f",
        "g",
        "h"
      ],
      "nullable": false
    },
    {
      "name": "White_rook_row",
      "description": "The row of the white rook",
      "dataType": "CATEGORICAL",
      "categories": [
        1,
        2,
        3,
        4,
        5,
        6,
        7,
        8
      ],
      "nullable": false
    },
    {
      "name": "Black_king_col",
      "description": "The column of the black king",
      "dataType": "CATEGORICAL",
      "categories": [
        "a",
        "b",
        "c",
        "d",
        "e",
        "f",
        "g",
        "h"
      ],
      "nullable": false
    },
    {
      "name": "Black_king_row",
      "description": "The row of the black king",
      "dataType": "CATEGORICAL",
      "categories": [
        1,
        2,
        3,
        4,
        5,
        6,
        7,
        8
      ],
      "nullable": false
    }
  ]
}