{
  "title": "Connectionist Bench (Vowel Recognition - Deterding Data)",
  "description": "not available",
  "modelCategory": "binary_classification",
  "schemaVersion": 1.0,
  "inputDataFormat": "CSV",
  "encoding": "utf-8",
  "id": {
    "name": "id",
    "description": "unique identifier"
  },
  "target": {
    "name": "Class",
    "description": "binary class (negative or positive)",
    "classes": [
      "negative",
      "positive"
    ]
  },
  "features": [
    {
      "name": "TT",
      "description": "not available",
      "dataType": "CATEGORICAL",
      "categories": [
        0,
        1
      ],
      "nullable": false
    },
    {
      "name": "SpeakerNumber",
      "description": "not available",
      "dataType": "CATEGORICAL",
      "categories": [
        0,
        1,
        10,
        11,
        12,
        13,
        14,
        2,
        3,
        4,
        5,
        6,
        7,
        8,
        9
      ],
      "nullable": false
    },
    {
      "name": "Sex",
      "description": "not available",
      "dataType": "CATEGORICAL",
      "categories": [
        0,
        1
      ],
      "nullable": false
    },
    {
      "name": "F0",
      "description": "not available",
      "dataType": "NUMERIC",
      "example": -3.639,
      "nullable": false
    },
    {
      "name": "F1",
      "description": "not available",
      "dataType": "NUMERIC",
      "example": 0.418,
      "nullable": false
    },
    {
      "name": "F2",
      "description": "not available",
      "dataType": "NUMERIC",
      "example": -0.67,
      "nullable": false
    },
    {
      "name": "F3",
      "description": "not available",
      "dataType": "NUMERIC",
      "example": 1.779,
      "nullable": false
    },
    {
      "name": "F4",
      "description": "not available",
      "dataType": "NUMERIC",
      "example": -0.168,
      "nullable": false
    },
    {
      "name": "F5",
      "description": "not available",
      "dataType": "NUMERIC",
      "example": 1.627,
      "nullable": false
    },
    {
      "name": "F6",
      "description": "not available",
      "dataType": "NUMERIC",
      "example": -0.388,
      "nullable": false
    },
    {
      "name": "F7",
      "description": "not available",
      "dataType": "NUMERIC",
      "example": 0.529,
      "nullable": false
    },
    {
      "name": "F8",
      "description": "not available",
      "dataType": "NUMERIC",
      "example": -0.874,
      "nullable": false
    },
    {
      "name": "F9",
      "description": "not available",
      "dataType": "NUMERIC",
      "example": -0.814,
      "nullable": false
    }
  ]
}