{
  "title": "Pie Chart 3",
  "description": "not available",
  "modelCategory": "binary_classification",
  "schemaVersion": 1.0,
  "inputDataFormat": "CSV",
  "encoding": "utf-8",
  "id": {
    "name": "id",
    "description": "unique identifier"
  },
  "target": {
    "name": "def",
    "description": "binary class (N or Y)",
    "classes": [
      "N",
      "Y"
    ]
  },
  "features": [
    {
      "name": "a",
      "description": "not available",
      "dataType": "NUMERIC",
      "example": 16.0,
      "nullable": false
    },
    {
      "name": "b",
      "description": "not available",
      "dataType": "NUMERIC",
      "example": 13.0,
      "nullable": false
    },
    {
      "name": "c",
      "description": "not available",
      "dataType": "NUMERIC",
      "example": 1.0,
      "nullable": false
    },
    {
      "name": "d",
      "description": "not available",
      "dataType": "NUMERIC",
      "example": 6.0,
      "nullable": false
    },
    {
      "name": "e",
      "description": "not available",
      "dataType": "NUMERIC",
      "example": 11.0,
      "nullable": false
    },
    {
      "name": "f",
      "description": "not available",
      "dataType": "NUMERIC",
      "example": 20.0,
      "nullable": false
    },
    {
      "name": "g",
      "description": "not available",
      "dataType": "NUMERIC",
      "example": 7.0,
      "nullable": false
    },
    {
      "name": "h",
      "description": "not available",
      "dataType": "NUMERIC",
      "example": 0.24,
      "nullable": false
    },
    {
      "name": "i",
      "description": "not available",
      "dataType": "NUMERIC",
      "example": 8.0,
      "nullable": false
    },
    {
      "name": "j",
      "description": "not available",
      "dataType": "NUMERIC",
      "example": 2.5,
      "nullable": false
    },
    {
      "name": "k",
      "description": "not available",
      "dataType": "NUMERIC",
      "example": 3.0,
      "nullable": false
    },
    {
      "name": "l",
      "description": "not available",
      "dataType": "NUMERIC",
      "example": 0.43,
      "nullable": false
    },
    {
      "name": "m",
      "description": "not available",
      "dataType": "NUMERIC",
      "example": 22.0,
      "nullable": false
    },
    {
      "name": "n",
      "description": "not available",
      "dataType": "NUMERIC",
      "example": 6.0,
      "nullable": false
    },
    {
      "name": "o",
      "description": "not available",
      "dataType": "NUMERIC",
      "example": 0.83,
      "nullable": false
    },
    {
      "name": "p",
      "description": "not available",
      "dataType": "NUMERIC",
      "example": 23.0,
      "nullable": false
    },
    {
      "name": "r",
      "description": "not available",
      "dataType": "NUMERIC",
      "example": 0.0,
      "nullable": false
    },
    {
      "name": "s",
      "description": "not available",
      "dataType": "NUMERIC",
      "example": 36.88,
      "nullable": false
    },
    {
      "name": "t",
      "description": "not available",
      "dataType": "NUMERIC",
      "example": 23.03,
      "nullable": false
    },
    {
      "name": "u",
      "description": "not available",
      "dataType": "NUMERIC",
      "example": 19562.81,
      "nullable": false
    },
    {
      "name": "v",
      "description": "not available",
      "dataType": "NUMERIC",
      "example": 0.28,
      "nullable": false
    },
    {
      "name": "z",
      "description": "not available",
      "dataType": "NUMERIC",
      "example": 149.0,
      "nullable": false
    },
    {
      "name": "aa",
      "description": "not available",
      "dataType": "NUMERIC",
      "example": 0.04,
      "nullable": false
    },
    {
      "name": "ab",
      "description": "not available",
      "dataType": "NUMERIC",
      "example": 1086.82,
      "nullable": false
    },
    {
      "name": "ac",
      "description": "not available",
      "dataType": "NUMERIC",
      "example": 849.37,
      "nullable": false
    },
    {
      "name": "ad",
      "description": "not available",
      "dataType": "NUMERIC",
      "example": 0.86,
      "nullable": false
    },
    {
      "name": "ae",
      "description": "not available",
      "dataType": "NUMERIC",
      "example": 6.0,
      "nullable": false
    },
    {
      "name": "af",
      "description": "not available",
      "dataType": "NUMERIC",
      "example": 10.0,
      "nullable": false
    },
    {
      "name": "ag",
      "description": "not available",
      "dataType": "NUMERIC",
      "example": 17.0,
      "nullable": false
    },
    {
      "name": "ah",
      "description": "not available",
      "dataType": "NUMERIC",
      "example": 0.12,
      "nullable": false
    },
    {
      "name": "ai",
      "description": "not available",
      "dataType": "NUMERIC",
      "example": 68.0,
      "nullable": false
    },
    {
      "name": "aj",
      "description": "not available",
      "dataType": "NUMERIC",
      "example": 81.0,
      "nullable": false
    },
    {
      "name": "ak",
      "description": "not available",
      "dataType": "NUMERIC",
      "example": 31.0,
      "nullable": false
    },
    {
      "name": "al",
      "description": "not available",
      "dataType": "NUMERIC",
      "example": 21.0,
      "nullable": false
    },
    {
      "name": "am",
      "description": "not available",
      "dataType": "NUMERIC",
      "example": 57.0,
      "nullable": false
    },
    {
      "name": "an",
      "description": "not available",
      "dataType": "NUMERIC",
      "example": 42.5,
      "nullable": false
    },
    {
      "name": "ao",
      "description": "not available",
      "dataType": "NUMERIC",
      "example": 29.0,
      "nullable": false
    }
  ]
}