{
  "title": "Yeast",
  "description": "Predicting the Cellular Localization Sites of Proteins\r\n",
  "modelCategory": "binary_classification",
  "schemaVersion": 1.0,
  "inputDataFormat": "CSV",
  "encoding": "utf-8",
  "id": {
    "name": "id",
    "description": "unique identifier"
  },
  "target": {
    "name": "Class",
    "description": "binary class (negative or positive)",
    "classes": [
      "negative",
      "positive"
    ]
  },
  "features": [
    {
      "name": "Mcg",
      "description": "not available",
      "dataType": "NUMERIC",
      "example": 0.64,
      "nullable": false
    },
    {
      "name": "Gvh",
      "description": "not available",
      "dataType": "NUMERIC",
      "example": 0.62,
      "nullable": false
    },
    {
      "name": "Alm",
      "description": "not available",
      "dataType": "NUMERIC",
      "example": 0.49,
      "nullable": false
    },
    {
      "name": "Mit",
      "description": "not available",
      "dataType": "NUMERIC",
      "example": 0.15,
      "nullable": false
    },
    {
      "name": "Erl",
      "description": "not available",
      "dataType": "NUMERIC",
      "example": 0.5,
      "nullable": false
    },
    {
      "name": "Pox",
      "description": "not available",
      "dataType": "NUMERIC",
      "example": 0.0,
      "nullable": false
    },
    {
      "name": "Vac",
      "description": "not available",
      "dataType": "NUMERIC",
      "example": 0.53,
      "nullable": false
    },
    {
      "name": "Nuc",
      "description": "not available",
      "dataType": "NUMERIC",
      "example": 0.22,
      "nullable": false
    }
  ]
}