{
  "title": "Ozone Level Detection",
  "description": "Two ground ozone level data sets are included in this collection. One is the eight hour peak set (eighthr.data), the other is the one hour peak set (onehr.data). Those data were collected from 1998 to 2004 at the Houston, Galveston and Brazoria area.",
  "modelCategory": "binary_classification",
  "schemaVersion": 1.0,
  "inputDataFormat": "CSV",
  "encoding": "utf-8",
  "id": {
    "name": "id",
    "description": "unique identifier"
  },
  "target": {
    "name": "Class",
    "description": "binary class (1 or 2)",
    "classes": [
      "1",
      "2"
    ]
  },
  "features": [
    {
      "name": "V1",
      "description": "WSR0: All attributes starting with WS indicate the wind speed at various time.",
      "dataType": "NUMERIC",
      "example": 0.8,
      "nullable": false
    },
    {
      "name": "V2",
      "description": "WSR1",
      "dataType": "NUMERIC",
      "example": 1.8,
      "nullable": false
    },
    {
      "name": "V3",
      "description": "WSR2",
      "dataType": "NUMERIC",
      "example": 2.4,
      "nullable": false
    },
    {
      "name": "V4",
      "description": "WSR3",
      "dataType": "NUMERIC",
      "example": 2.1,
      "nullable": false
    },
    {
      "name": "V5",
      "description": "WSR4",
      "dataType": "NUMERIC",
      "example": 2.0,
      "nullable": false
    },
    {
      "name": "V6",
      "description": "WSR5",
      "dataType": "NUMERIC",
      "example": 2.1,
      "nullable": false
    },
    {
      "name": "V7",
      "description": "WSR6",
      "dataType": "NUMERIC",
      "example": 1.5,
      "nullable": false
    },
    {
      "name": "V8",
      "description": "WSR7",
      "dataType": "NUMERIC",
      "example": 1.7,
      "nullable": false
    },
    {
      "name": "V9",
      "description": "WSR8",
      "dataType": "NUMERIC",
      "example": 1.9,
      "nullable": false
    },
    {
      "name": "V10",
      "description": "WSR9",
      "dataType": "NUMERIC",
      "example": 2.3,
      "nullable": false
    },
    {
      "name": "V11",
      "description": "WSR10",
      "dataType": "NUMERIC",
      "example": 3.7,
      "nullable": false
    },
    {
      "name": "V12",
      "description": "WSR11",
      "dataType": "NUMERIC",
      "example": 5.5,
      "nullable": false
    },
    {
      "name": "V13",
      "description": "WSR12",
      "dataType": "NUMERIC",
      "example": 5.1,
      "nullable": false
    },
    {
      "name": "V14",
      "description": "WSR13",
      "dataType": "NUMERIC",
      "example": 5.4,
      "nullable": false
    },
    {
      "name": "V15",
      "description": "WSR14",
      "dataType": "NUMERIC",
      "example": 5.4,
      "nullable": false
    },
    {
      "name": "V16",
      "description": "WSR15",
      "dataType": "NUMERIC",
      "example": 4.7,
      "nullable": false
    },
    {
      "name": "V17",
      "description": "WSR16",
      "dataType": "NUMERIC",
      "example": 4.3,
      "nullable": false
    },
    {
      "name": "V18",
      "description": "WSR17",
      "dataType": "NUMERIC",
      "example": 3.5,
      "nullable": false
    },
    {
      "name": "V19",
      "description": "WSR18",
      "dataType": "NUMERIC",
      "example": 3.5,
      "nullable": false
    },
    {
      "name": "V20",
      "description": "WSR19",
      "dataType": "NUMERIC",
      "example": 2.9,
      "nullable": false
    },
    {
      "name": "V21",
      "description": "WSR20",
      "dataType": "NUMERIC",
      "example": 3.2,
      "nullable": false
    },
    {
      "name": "V22",
      "description": "WSR21",
      "dataType": "NUMERIC",
      "example": 3.2,
      "nullable": false
    },
    {
      "name": "V23",
      "description": "WSR22",
      "dataType": "NUMERIC",
      "example": 2.8,
      "nullable": false
    },
    {
      "name": "V24",
      "description": "WSR23",
      "dataType": "NUMERIC",
      "example": 2.6,
      "nullable": false
    },
    {
      "name": "V25",
      "description": "WSR_PK peek wind speed",
      "dataType": "NUMERIC",
      "example": 5.5,
      "nullable": false
    },
    {
      "name": "V26",
      "description": "WSR_AV average wind speed",
      "dataType": "NUMERIC",
      "example": 3.1,
      "nullable": false
    },
    {
      "name": "V27",
      "description": "T0: All the attribute start with T means the temperature measured at different time throughout the day",
      "dataType": "NUMERIC",
      "example": 5.2,
      "nullable": false
    },
    {
      "name": "V28",
      "description": "T1",
      "dataType": "NUMERIC",
      "example": 6.1,
      "nullable": false
    },
    {
      "name": "V29",
      "description": "T2",
      "dataType": "NUMERIC",
      "example": 6.1,
      "nullable": false
    },
    {
      "name": "V30",
      "description": "T3",
      "dataType": "NUMERIC",
      "example": 6.1,
      "nullable": false
    },
    {
      "name": "V31",
      "description": "T4",
      "dataType": "NUMERIC",
      "example": 6.1,
      "nullable": false
    },
    {
      "name": "V32",
      "description": "T5",
      "dataType": "NUMERIC",
      "example": 5.6,
      "nullable": false
    },
    {
      "name": "V33",
      "description": "T6",
      "dataType": "NUMERIC",
      "example": 5.2,
      "nullable": false
    },
    {
      "name": "V34",
      "description": "T7",
      "dataType": "NUMERIC",
      "example": 5.4,
      "nullable": false
    },
    {
      "name": "V35",
      "description": "T8",
      "dataType": "NUMERIC",
      "example": 7.2,
      "nullable": false
    },
    {
      "name": "V36",
      "description": "T9",
      "dataType": "NUMERIC",
      "example": 10.6,
      "nullable": false
    },
    {
      "name": "V37",
      "description": "T10",
      "dataType": "NUMERIC",
      "example": 14.5,
      "nullable": false
    },
    {
      "name": "V38",
      "description": "T11",
      "dataType": "NUMERIC",
      "example": 17.2,
      "nullable": false
    },
    {
      "name": "V39",
      "description": "T12",
      "dataType": "NUMERIC",
      "example": 18.3,
      "nullable": false
    },
    {
      "name": "V40",
      "description": "T13",
      "dataType": "NUMERIC",
      "example": 18.9,
      "nullable": false
    },
    {
      "name": "V41",
      "description": "T14",
      "dataType": "NUMERIC",
      "example": 19.1,
      "nullable": false
    },
    {
      "name": "V42",
      "description": "T15",
      "dataType": "NUMERIC",
      "example": 18.9,
      "nullable": false
    },
    {
      "name": "V43",
      "description": "T16",
      "dataType": "NUMERIC",
      "example": 18.3,
      "nullable": false
    },
    {
      "name": "V44",
      "description": "T17",
      "dataType": "NUMERIC",
      "example": 17.3,
      "nullable": false
    },
    {
      "name": "V45",
      "description": "T18",
      "dataType": "NUMERIC",
      "example": 16.8,
      "nullable": false
    },
    {
      "name": "V46",
      "description": "T19",
      "dataType": "NUMERIC",
      "example": 16.1,
      "nullable": false
    },
    {
      "name": "V47",
      "description": "T20",
      "dataType": "NUMERIC",
      "example": 15.4,
      "nullable": false
    },
    {
      "name": "V48",
      "description": "T21",
      "dataType": "NUMERIC",
      "example": 14.9,
      "nullable": false
    },
    {
      "name": "V49",
      "description": "T22",
      "dataType": "NUMERIC",
      "example": 14.8,
      "nullable": false
    },
    {
      "name": "V50",
      "description": "T23",
      "dataType": "NUMERIC",
      "example": 15.0,
      "nullable": false
    },
    {
      "name": "V51",
      "description": "T_PK Peak T",
      "dataType": "NUMERIC",
      "example": 19.1,
      "nullable": false
    },
    {
      "name": "V52",
      "description": "T_AV Average T",
      "dataType": "NUMERIC",
      "example": 12.5,
      "nullable": false
    },
    {
      "name": "V53",
      "description": "T85: T at 850 hpa level (or about 1500 m height)",
      "dataType": "NUMERIC",
      "example": 6.7,
      "nullable": false
    },
    {
      "name": "V54",
      "description": "RH85:  Relative Humidity at 850 hpa",
      "dataType": "NUMERIC",
      "example": 0.11,
      "nullable": false
    },
    {
      "name": "V55",
      "description": "U85:  (U wind - east-west direction wind at 850 hpa)",
      "dataType": "NUMERIC",
      "example": 3.83,
      "nullable": false
    },
    {
      "name": "V56",
      "description": "V85: V wind - N-S direction wind at 850",
      "dataType": "NUMERIC",
      "example": 0.14,
      "nullable": false
    },
    {
      "name": "V57",
      "description": "HT85: Geopotential height at 850 hpa, it is about the same as height at low altitude",
      "dataType": "NUMERIC",
      "example": 1612.0,
      "nullable": false
    },
    {
      "name": "V58",
      "description": "T70: T at 700 hpa level (roughly 3100 m height)",
      "dataType": "NUMERIC",
      "example": -2.3,
      "nullable": false
    },
    {
      "name": "V59",
      "description": "RH70:   ",
      "dataType": "NUMERIC",
      "example": 0.3,
      "nullable": false
    },
    {
      "name": "V60",
      "description": "U70:    ",
      "dataType": "NUMERIC",
      "example": 7.18,
      "nullable": false
    },
    {
      "name": "V61",
      "description": "V70:     ",
      "dataType": "NUMERIC",
      "example": 0.12,
      "nullable": false
    },
    {
      "name": "V62",
      "description": "HT70:   ",
      "dataType": "NUMERIC",
      "example": 3178.5,
      "nullable": false
    },
    {
      "name": "V63",
      "description": "T50: T at 500 hpa level (roughly at 5500 m height)",
      "dataType": "NUMERIC",
      "example": -15.5,
      "nullable": false
    },
    {
      "name": "V64",
      "description": "RH50: ",
      "dataType": "NUMERIC",
      "example": 0.15,
      "nullable": false
    },
    {
      "name": "V65",
      "description": "U50:   ",
      "dataType": "NUMERIC",
      "example": 10.67,
      "nullable": false
    },
    {
      "name": "V66",
      "description": "V50:    ",
      "dataType": "NUMERIC",
      "example": -1.56,
      "nullable": false
    },
    {
      "name": "V67",
      "description": "HT50:   ",
      "dataType": "NUMERIC",
      "example": 5795.0,
      "nullable": false
    },
    {
      "name": "V68",
      "description": "KI: K-Index http://www.weather.gov/glossary/index.php?letter=k",
      "dataType": "NUMERIC",
      "example": -12.1,
      "nullable": false
    },
    {
      "name": "V69",
      "description": "TT: T-Totals http://www.theweatherprediction.com/habyhints/302/",
      "dataType": "NUMERIC",
      "example": 17.9,
      "nullable": false
    },
    {
      "name": "V70",
      "description": "SLP: Sea level pressure",
      "dataType": "NUMERIC",
      "example": 10330.0,
      "nullable": false
    },
    {
      "name": "V71",
      "description": "SLP_: SLP change from previous day",
      "dataType": "NUMERIC",
      "example": -55.0,
      "nullable": false
    },
    {
      "name": "V72",
      "description": "Precp: precipitation",
      "dataType": "NUMERIC",
      "example": 0.0,
      "nullable": false
    }
  ]
}