{
  "title": "Page Blocks",
  "description": "not available",
  "modelCategory": "binary_classification",
  "schemaVersion": 1.0,
  "inputDataFormat": "CSV",
  "encoding": "utf-8",
  "id": {
    "name": "id",
    "description": "unique identifier"
  },
  "target": {
    "name": "Class",
    "description": "binary class (negative or positive)",
    "classes": [
      "negative",
      "positive"
    ]
  },
  "features": [
    {
      "name": "Height",
      "description": "not available",
      "dataType": "NUMERIC",
      "example": 5,
      "nullable": false
    },
    {
      "name": "Lenght",
      "description": "not available",
      "dataType": "NUMERIC",
      "example": 7,
      "nullable": false
    },
    {
      "name": "Area",
      "description": "not available",
      "dataType": "NUMERIC",
      "example": 35.0,
      "nullable": false
    },
    {
      "name": "Eccen",
      "description": "not available",
      "dataType": "NUMERIC",
      "example": 1.4,
      "nullable": false
    },
    {
      "name": "P_black",
      "description": "not available",
      "dataType": "NUMERIC",
      "example": 0.4,
      "nullable": false
    },
    {
      "name": "P_and",
      "description": "not available",
      "dataType": "NUMERIC",
      "example": 0.657,
      "nullable": false
    },
    {
      "name": "Mean_tr",
      "description": "not available",
      "dataType": "NUMERIC",
      "example": 2.33,
      "nullable": false
    },
    {
      "name": "Blackpix",
      "description": "not available",
      "dataType": "NUMERIC",
      "example": 14,
      "nullable": false
    },
    {
      "name": "Blackand",
      "description": "not available",
      "dataType": "NUMERIC",
      "example": 23,
      "nullable": false
    },
    {
      "name": "Wb_trans",
      "description": "not available",
      "dataType": "NUMERIC",
      "example": 6,
      "nullable": false
    }
  ]
}