{
  "title": "Optical Recognition of Handwritten Digits",
  "description": "We used preprocessing programs made available by NIST to extract normalized bitmaps of handwritten digits from a preprinted form. From a total of 43 people, 30 contributed to the training set and different 13 to the test set. 32x32 bitmaps are divided into nonoverlapping blocks of 4x4 and the number of on pixels are counted in each block. This generates an input matrix of 8x8 where each element is an integer in the range 0..16. This reduces dimensionality and gives invariance to small distortions.\nFor info on NIST preprocessing routines, see M. D. Garris, J. L. Blue, G. T. Candela, D. L. Dimmick, J. Geist, P. J. Grother, S. A. Janet, and C. L. Wilson, NIST Form-Based Handprint Recognition System, NISTIR 5469, 1994.",
  "modelCategory": "binary_classification",
  "schemaVersion": 1.0,
  "inputDataFormat": "CSV",
  "encoding": "utf-8",
  "id": {
    "name": "id",
    "description": "unique identifier"
  },
  "target": {
    "name": "target",
    "description": "binary class (-1 or 1)",
    "classes": [
      "-1",
      "1"
    ]
  },
  "features": [
    {
      "name": "f1",
      "description": "not available",
      "dataType": "NUMERIC",
      "example": 1.0,
      "nullable": false
    },
    {
      "name": "f2",
      "description": "not available",
      "dataType": "NUMERIC",
      "example": 6.0,
      "nullable": false
    },
    {
      "name": "f3",
      "description": "not available",
      "dataType": "NUMERIC",
      "example": 15.0,
      "nullable": false
    },
    {
      "name": "f4",
      "description": "not available",
      "dataType": "NUMERIC",
      "example": 12.0,
      "nullable": false
    },
    {
      "name": "f5",
      "description": "not available",
      "dataType": "NUMERIC",
      "example": 1.0,
      "nullable": false
    },
    {
      "name": "f6",
      "description": "not available",
      "dataType": "NUMERIC",
      "example": 0.0,
      "nullable": false
    },
    {
      "name": "f7",
      "description": "not available",
      "dataType": "NUMERIC",
      "example": 0.0,
      "nullable": false
    },
    {
      "name": "f8",
      "description": "not available",
      "dataType": "NUMERIC",
      "example": 0.0,
      "nullable": false
    },
    {
      "name": "f9",
      "description": "not available",
      "dataType": "NUMERIC",
      "example": 7.0,
      "nullable": false
    },
    {
      "name": "f10",
      "description": "not available",
      "dataType": "NUMERIC",
      "example": 16.0,
      "nullable": false
    },
    {
      "name": "f11",
      "description": "not available",
      "dataType": "NUMERIC",
      "example": 6.0,
      "nullable": false
    },
    {
      "name": "f12",
      "description": "not available",
      "dataType": "NUMERIC",
      "example": 6.0,
      "nullable": false
    },
    {
      "name": "f13",
      "description": "not available",
      "dataType": "NUMERIC",
      "example": 10.0,
      "nullable": false
    },
    {
      "name": "f14",
      "description": "not available",
      "dataType": "NUMERIC",
      "example": 0.0,
      "nullable": false
    },
    {
      "name": "f15",
      "description": "not available",
      "dataType": "NUMERIC",
      "example": 0.0,
      "nullable": false
    },
    {
      "name": "f16",
      "description": "not available",
      "dataType": "NUMERIC",
      "example": 0.0,
      "nullable": false
    },
    {
      "name": "f17",
      "description": "not available",
      "dataType": "NUMERIC",
      "example": 8.0,
      "nullable": false
    },
    {
      "name": "f18",
      "description": "not available",
      "dataType": "NUMERIC",
      "example": 16.0,
      "nullable": false
    },
    {
      "name": "f19",
      "description": "not available",
      "dataType": "NUMERIC",
      "example": 2.0,
      "nullable": false
    },
    {
      "name": "f20",
      "description": "not available",
      "dataType": "NUMERIC",
      "example": 0.0,
      "nullable": false
    },
    {
      "name": "f21",
      "description": "not available",
      "dataType": "NUMERIC",
      "example": 11.0,
      "nullable": false
    },
    {
      "name": "f22",
      "description": "not available",
      "dataType": "NUMERIC",
      "example": 2.0,
      "nullable": false
    },
    {
      "name": "f23",
      "description": "not available",
      "dataType": "NUMERIC",
      "example": 0.0,
      "nullable": false
    },
    {
      "name": "f24",
      "description": "not available",
      "dataType": "NUMERIC",
      "example": 0.0,
      "nullable": false
    },
    {
      "name": "f25",
      "description": "not available",
      "dataType": "NUMERIC",
      "example": 5.0,
      "nullable": false
    },
    {
      "name": "f26",
      "description": "not available",
      "dataType": "NUMERIC",
      "example": 16.0,
      "nullable": false
    },
    {
      "name": "f27",
      "description": "not available",
      "dataType": "NUMERIC",
      "example": 3.0,
      "nullable": false
    },
    {
      "name": "f28",
      "description": "not available",
      "dataType": "NUMERIC",
      "example": 0.0,
      "nullable": false
    },
    {
      "name": "f29",
      "description": "not available",
      "dataType": "NUMERIC",
      "example": 5.0,
      "nullable": false
    },
    {
      "name": "f30",
      "description": "not available",
      "dataType": "NUMERIC",
      "example": 7.0,
      "nullable": false
    },
    {
      "name": "f31",
      "description": "not available",
      "dataType": "NUMERIC",
      "example": 0.0,
      "nullable": false
    },
    {
      "name": "f32",
      "description": "not available",
      "dataType": "NUMERIC",
      "example": 0.0,
      "nullable": false
    },
    {
      "name": "f33",
      "description": "not available",
      "dataType": "NUMERIC",
      "example": 7.0,
      "nullable": false
    },
    {
      "name": "f34",
      "description": "not available",
      "dataType": "NUMERIC",
      "example": 13.0,
      "nullable": false
    },
    {
      "name": "f35",
      "description": "not available",
      "dataType": "NUMERIC",
      "example": 3.0,
      "nullable": false
    },
    {
      "name": "f36",
      "description": "not available",
      "dataType": "NUMERIC",
      "example": 0.0,
      "nullable": false
    },
    {
      "name": "f37",
      "description": "not available",
      "dataType": "NUMERIC",
      "example": 8.0,
      "nullable": false
    },
    {
      "name": "f38",
      "description": "not available",
      "dataType": "NUMERIC",
      "example": 7.0,
      "nullable": false
    },
    {
      "name": "f40",
      "description": "not available",
      "dataType": "NUMERIC",
      "example": 0.0,
      "nullable": false
    },
    {
      "name": "f41",
      "description": "not available",
      "dataType": "NUMERIC",
      "example": 4.0,
      "nullable": false
    },
    {
      "name": "f42",
      "description": "not available",
      "dataType": "NUMERIC",
      "example": 12.0,
      "nullable": false
    },
    {
      "name": "f43",
      "description": "not available",
      "dataType": "NUMERIC",
      "example": 0.0,
      "nullable": false
    },
    {
      "name": "f44",
      "description": "not available",
      "dataType": "NUMERIC",
      "example": 1.0,
      "nullable": false
    },
    {
      "name": "f45",
      "description": "not available",
      "dataType": "NUMERIC",
      "example": 13.0,
      "nullable": false
    },
    {
      "name": "f46",
      "description": "not available",
      "dataType": "NUMERIC",
      "example": 5.0,
      "nullable": false
    },
    {
      "name": "f47",
      "description": "not available",
      "dataType": "NUMERIC",
      "example": 0.0,
      "nullable": false
    },
    {
      "name": "f48",
      "description": "not available",
      "dataType": "NUMERIC",
      "example": 0.0,
      "nullable": false
    },
    {
      "name": "f49",
      "description": "not available",
      "dataType": "NUMERIC",
      "example": 0.0,
      "nullable": false
    },
    {
      "name": "f50",
      "description": "not available",
      "dataType": "NUMERIC",
      "example": 14.0,
      "nullable": false
    },
    {
      "name": "f51",
      "description": "not available",
      "dataType": "NUMERIC",
      "example": 9.0,
      "nullable": false
    },
    {
      "name": "f52",
      "description": "not available",
      "dataType": "NUMERIC",
      "example": 15.0,
      "nullable": false
    },
    {
      "name": "f53",
      "description": "not available",
      "dataType": "NUMERIC",
      "example": 9.0,
      "nullable": false
    },
    {
      "name": "f54",
      "description": "not available",
      "dataType": "NUMERIC",
      "example": 0.0,
      "nullable": false
    },
    {
      "name": "f55",
      "description": "not available",
      "dataType": "NUMERIC",
      "example": 0.0,
      "nullable": false
    },
    {
      "name": "f56",
      "description": "not available",
      "dataType": "NUMERIC",
      "example": 0.0,
      "nullable": false
    },
    {
      "name": "f57",
      "description": "not available",
      "dataType": "NUMERIC",
      "example": 0.0,
      "nullable": false
    },
    {
      "name": "f58",
      "description": "not available",
      "dataType": "NUMERIC",
      "example": 6.0,
      "nullable": false
    },
    {
      "name": "f59",
      "description": "not available",
      "dataType": "NUMERIC",
      "example": 14.0,
      "nullable": false
    },
    {
      "name": "f60",
      "description": "not available",
      "dataType": "NUMERIC",
      "example": 7.0,
      "nullable": false
    },
    {
      "name": "f61",
      "description": "not available",
      "dataType": "NUMERIC",
      "example": 1.0,
      "nullable": false
    },
    {
      "name": "f62",
      "description": "not available",
      "dataType": "NUMERIC",
      "example": 0.0,
      "nullable": false
    },
    {
      "name": "f63",
      "description": "not available",
      "dataType": "NUMERIC",
      "example": 0.0,
      "nullable": false
    }
  ]
}