{
  "title": "Seismic Bumps",
  "description": "The data describe the problem of high energy (higher than 10^4 J) seismic bumps forecasting in a coal mine. Data come from two of longwalls located in a Polish coal mine.",
  "modelCategory": "binary_classification",
  "schemaVersion": 1.0,
  "inputDataFormat": "CSV",
  "encoding": "utf-8",
  "id": {
    "name": "id",
    "description": "unique identifier"
  },
  "target": {
    "name": "class",
    "description": "binary class (0 or 1)",
    "classes": [
      "0",
      "1"
    ]
  },
  "features": [
    {
      "name": "seismic",
      "description": "seismic: result of shift seismic hazard assessment in the mine working obtained by the seismic method (a - lack of hazard, b - low hazard, c - high hazard, d - danger state);",
      "dataType": "CATEGORICAL",
      "categories": [
        "a",
        "b"
      ],
      "nullable": false
    },
    {
      "name": "seismoacoustic",
      "description": "seismoacoustic: result of shift seismic hazard assessment in the mine working obtained by the seismoacoustic method;",
      "dataType": "CATEGORICAL",
      "categories": [
        "a",
        "b",
        "c"
      ],
      "nullable": false
    },
    {
      "name": "shift",
      "description": "shift: information about type of a shift (W - coal-getting, N -preparation shift);",
      "dataType": "CATEGORICAL",
      "categories": [
        "N",
        "W"
      ],
      "nullable": false
    },
    {
      "name": "genergy",
      "description": "genergy: seismic energy recorded within previous shift by the most active geophone (GMax) out of geophones monitoring the longwall;",
      "dataType": "NUMERIC",
      "example": 15180.0,
      "nullable": false
    },
    {
      "name": "gpuls",
      "description": "gpuls: a number of pulses recorded within previous shift by GMax;",
      "dataType": "NUMERIC",
      "example": 48.0,
      "nullable": false
    },
    {
      "name": "gdenergy",
      "description": "gdenergy: a deviation of energy recorded within previous shift by GMax from average energy recorded during eight previous shifts;",
      "dataType": "NUMERIC",
      "example": -72.0,
      "nullable": false
    },
    {
      "name": "gdpuls",
      "description": "gdpuls: a deviation of a number of pulses recorded within previous shift by GMax from average number of pulses recorded during eight previous shifts;",
      "dataType": "NUMERIC",
      "example": -72.0,
      "nullable": false
    },
    {
      "name": "ghazard",
      "description": "ghazard: result of shift seismic hazard assessment in the mine working obtained by the seismoacoustic method based on registration coming form GMax only;",
      "dataType": "CATEGORICAL",
      "categories": [
        "a",
        "b",
        "c"
      ],
      "nullable": false
    },
    {
      "name": "nbumps",
      "description": "nbumps: the number of seismic bumps recorded within previous shift;",
      "dataType": "NUMERIC",
      "example": 0.0,
      "nullable": false
    },
    {
      "name": "nbumps2",
      "description": "nbumps2: the number of seismic bumps (in energy range [10^2,10^3)) registered within previous shift;",
      "dataType": "NUMERIC",
      "example": 0.0,
      "nullable": false
    },
    {
      "name": "nbumps3",
      "description": "nbumps3: the number of seismic bumps (in energy range [10^3,10^4)) registered within previous shift;",
      "dataType": "NUMERIC",
      "example": 0.0,
      "nullable": false
    },
    {
      "name": "nbumps4",
      "description": "nbumps4: the number of seismic bumps (in energy range [10^4,10^5)) registered within previous shift;",
      "dataType": "NUMERIC",
      "example": 0.0,
      "nullable": false
    },
    {
      "name": "nbumps5",
      "description": "nbumps5: the number of seismic bumps (in energy range [10^5,10^6)) registered within the last shift;",
      "dataType": "NUMERIC",
      "example": 0.0,
      "nullable": false
    },
    {
      "name": "energy",
      "description": "energy: total energy of seismic bumps registered within previous shift;",
      "dataType": "NUMERIC",
      "example": 0.0,
      "nullable": false
    },
    {
      "name": "maxenergy",
      "description": "maxenergy: the maximum energy of the seismic bumps registered within previous shift;",
      "dataType": "NUMERIC",
      "example": 0.0,
      "nullable": false
    }
  ]
}