{
  "title": "Climate Model Simulation Crashes",
  "description": "This dataset contains records of simulation crashes encountered during climate model uncertainty quantification (UQ) ensembles. Ensemble members were constructed using a Latin hypercube method in LLNL's UQ Pipeline software system to sample the uncertainties of 18 model parameters within the Parallel Ocean Program (POP2) component of the Community Climate System Model (CCSM4). Three separate Latin hypercube ensembles were conducted, each containing 180 ensemble members. 46 out of the 540 simulations failed for numerical reasons at combinations of parameter values. The goal is to use classification to predict simulation outcomes (fail or succeed) from input parameter values, and to use sensitivity analysis and feature selection to determine the causes of simulation crashes. Further details about the data and methods are given in the publication 'Failure Analysis of Parameter-Induced Simulation Crashes in Climate Models,' Geoscientific Model Development\ufffd",
  "modelCategory": "binary_classification",
  "schemaVersion": 1.0,
  "inputDataFormat": "CSV",
  "encoding": "utf-8",
  "id": {
    "name": "id",
    "description": "unique identifier"
  },
  "target": {
    "name": "outcome",
    "description": "simulation outcome (0 = failure, 1 = success)",
    "classes": [
      "0",
      "1"
    ]
  },
  "features": [
    {
      "name": "Study",
      "description": "Latin hypercube study ID (study 1 to study 3)",
      "dataType": "CATEGORICAL",
      "categories": [
        1.0,
        2.0,
        3.0
      ],
      "nullable": false
    },
    {
      "name": "Run",
      "description": "simulation ID (run 1 to run 180)",
      "dataType": "NUMERIC",
      "example": 1.0,
      "nullable": false
    },
    {
      "name": "vconst_corr",
      "description": "Columns 4-20: values of 18 climate model parameters scaled in the interval [0, 1]",
      "dataType": "NUMERIC",
      "example": 0.859036206437223,
      "nullable": false
    },
    {
      "name": "vconst_2",
      "description": "description not available",
      "dataType": "NUMERIC",
      "example": 0.927824535760252,
      "nullable": false
    },
    {
      "name": "vconst_3",
      "description": "description not available",
      "dataType": "NUMERIC",
      "example": 0.252865622367244,
      "nullable": false
    },
    {
      "name": "vconst_4",
      "description": "description not available",
      "dataType": "NUMERIC",
      "example": 0.298838311199668,
      "nullable": false
    },
    {
      "name": "vconst_5",
      "description": "description not available",
      "dataType": "NUMERIC",
      "example": 0.170521299895417,
      "nullable": false
    },
    {
      "name": "vconst_7",
      "description": "description not available",
      "dataType": "NUMERIC",
      "example": 0.735936040913738,
      "nullable": false
    },
    {
      "name": "ah_corr",
      "description": "description not available",
      "dataType": "NUMERIC",
      "example": 0.42832542788108,
      "nullable": false
    },
    {
      "name": "ah_bolus",
      "description": "description not available",
      "dataType": "NUMERIC",
      "example": 0.567946941770303,
      "nullable": false
    },
    {
      "name": "slm_corr",
      "description": "description not available",
      "dataType": "NUMERIC",
      "example": 0.474369599993548,
      "nullable": false
    },
    {
      "name": "efficiency_factor",
      "description": "description not available",
      "dataType": "NUMERIC",
      "example": 0.245674854711009,
      "nullable": false
    },
    {
      "name": "tidal_mix_max",
      "description": "description not available",
      "dataType": "NUMERIC",
      "example": 0.104225865297485,
      "nullable": false
    },
    {
      "name": "vertical_decay_scale",
      "description": "description not available",
      "dataType": "NUMERIC",
      "example": 0.869090702981016,
      "nullable": false
    },
    {
      "name": "convect_corr",
      "description": "description not available",
      "dataType": "NUMERIC",
      "example": 0.997518495631973,
      "nullable": false
    },
    {
      "name": "bckgrnd_vdc1",
      "description": "description not available",
      "dataType": "NUMERIC",
      "example": 0.448620077452829,
      "nullable": false
    },
    {
      "name": "bckgrnd_vdc_ban",
      "description": "description not available",
      "dataType": "NUMERIC",
      "example": 0.307521787118943,
      "nullable": false
    },
    {
      "name": "bckgrnd_vdc_eq",
      "description": "description not available",
      "dataType": "NUMERIC",
      "example": 0.858310365213806,
      "nullable": false
    },
    {
      "name": "bckgrnd_vdc_psim",
      "description": "description not available",
      "dataType": "NUMERIC",
      "example": 0.796997239630825,
      "nullable": false
    },
    {
      "name": "Prandtl",
      "description": "description not available",
      "dataType": "NUMERIC",
      "example": 0.869893038135746,
      "nullable": false
    }
  ]
}